{
    "RMSE": 0.6246072612589849,
    "MAE": 0.4981867666716638,
    "R2_Score": 0.2989161401446825
}