{
    "RMSE": 0.6218965814532539,
    "MAE": 0.4944280720478149,
    "R2_Score": 0.3049880840896132
}